[
  {
    "outputFileName": "js/typed.min.js",
    "inputFiles": [
      "js/typed.js"
    ]
  },
  {
    "outputFileName": "css/Course_Layout.min.css",
    "inputFiles": [
      "css/Course_Layout.css"
    ]
  },
  {
    "outputFileName": "js/app.min.js",
    "inputFiles": [
      "js/app.js"
    ]
  },
  {
    "outputFileName": "js/allcoursesMas.min.js",
    "inputFiles": [
      "js/allcoursesMas.js"
    ]
  },
  {
    "outputFileName": "js/courses-sliders.min.js",
    "inputFiles": [
      "js/courses-sliders.js"
    ]
  }
]
